contrast,energy,homogeneity,correlation,label
457.59541092519686,0.012461077311529964,0.12603184996038705,0.9315586181079003,Setengah Matang
320.1515132874015,0.021181436236867465,0.21353011593047544,0.9403681638586255,Matang
353.68885334645677,0.018905461811797874,0.24327077223720955,0.9601996990086215,Setengah Matang
313.07947834645665,0.022940549552443075,0.21434335912241545,0.9432344816134389,Matang
508.22840797244106,0.01870994169914903,0.16002313458710374,0.9155184832202864,Setengah Matang
622.3402436023623,0.01604959895160555,0.1489470063049368,0.9144748982764466,Setengah Matang
461.30862450787396,0.016995388464334835,0.17021468187139444,0.9041062952368936,Matang
502.59996309055134,0.011970860248916282,0.10364327748866956,0.903642722186642,Setengah Matang
469.58772145669286,0.0371618512624502,0.2894703973094092,0.9458917906076149,Matang
262.34110482283467,0.0189283167002593,0.22989259502006126,0.9469734965753511,Matang
320.66787647637796,0.018633840016389368,0.21515952833769117,0.9578414965291726,Setengah Matang
478.5477362204724,0.0261038508804891,0.27128802003580327,0.9254379978251933,Mentah
542.9348548228346,0.014335083280169025,0.16513348215349782,0.9205649735106839,Matang
405.23548228346453,0.01379578942795883,0.15574452575498987,0.9291725665114307,Setengah Matang
435.3606053149607,0.036893092258310375,0.2219228121914311,0.9164754400545323,Matang
652.6808562992128,0.011204735092563357,0.089295481909684,0.8820935593235886,Setengah Matang
499.51796259842524,0.0200203755674399,0.22303618833638358,0.9296485361687625,Setengah Matang
401.90274360236225,0.021512972678992572,0.21172118348669106,0.9312097072111134,Matang
770.5331569881889,0.014188684294624502,0.13275171851757123,0.8244925257357194,Mentah
608.4373769685042,0.025674848618810364,0.21824215858964238,0.9003158877867944,Matang
541.611343503937,0.022269168098263726,0.24651187296937355,0.8908168162453617,Setengah Matang
391.5724655511812,0.030366138528088855,0.2982382112317647,0.9237905338045811,Matang
449.3498400590552,0.03727202064600137,0.2921185712400636,0.9485759697702977,Matang
330.57695620078755,0.01800899133113027,0.20702099814937525,0.9562622736863157,Mentah
713.5676673228345,0.01363007692737922,0.12908544962348933,0.9000730473719835,Matang
488.9908956692914,0.012778036610639584,0.12424734092341329,0.9128352137129249,Matang
404.81526820866145,0.017622302430899486,0.1992542828647984,0.9422274377334096,Mentah
723.8154527559057,0.011220934474057172,0.10452687559305389,0.8654477926725879,Mentah
353.7621801181102,0.017277275801407272,0.20482843620881536,0.9368062151007837,Matang
687.6173105314962,0.011602855071705054,0.09553492463417003,0.8709858701888535,Matang
620.0797859251969,0.012490954032952572,0.11664599063331466,0.8714025400922771,Setengah Matang
618.8073941929136,0.01136269302980392,0.09200170492706002,0.8857449307664057,Setengah Matang
297.0263902559056,0.029375138459059653,0.2955689788875927,0.9493937300316727,Matang
351.91092519685037,0.03578614865168237,0.35153336501435584,0.9442362941876477,Matang
419.05585629921256,0.028044131537084252,0.320128517486085,0.9249355463026346,Matang
588.4119094488188,0.014050121436839959,0.13263150234752488,0.8838486390296031,Setengah Matang
383.9868971456693,0.017152527702425546,0.18082357593718063,0.9344885045694175,Setengah Matang
483.0943651574804,0.017944418906257347,0.21808505301181608,0.912827302237993,Mentah
476.72465551181097,0.013688325236761821,0.14959138073311598,0.9314825400785086,Matang
380.4384227362205,0.02075648359368564,0.23526072086028468,0.9412041841168133,Setengah Matang
368.44617372047253,0.024016641442878496,0.22700857731528412,0.9272102983944237,Setengah Matang
575.8134227362203,0.01680720114345397,0.1975929439872789,0.9362672378684949,Matang
223.77466781496065,0.02236497215262888,0.2547155916896984,0.9643574737761892,Mentah
325.27934301181114,0.02051529445556079,0.22477164688091317,0.9607458831730064,Mentah
692.2033095472443,0.011593148264094062,0.09172411935786058,0.9054293633114634,Mentah
636.6581569881889,0.013563559840173498,0.15806713750434884,0.8969737925797472,Matang
256.5630536417323,0.02417744985923494,0.2708092663730833,0.9642932435294231,Setengah Matang
365.36152805118115,0.030287901846912664,0.22952040145995617,0.9306917525121363,Setengah Matang
344.76562500000006,0.03520888648252295,0.3321615145093003,0.9389782183185953,Matang
457.2683316929135,0.02171022264682162,0.21027809785575557,0.9377646466409969,Setengah Matang
399.2837721456694,0.01785976024170791,0.20085539095080565,0.9415779394216225,Matang
304.7621801181102,0.017458500926999444,0.21581405911846932,0.9577228604250603,Matang
269.9570620078741,0.03234037976105706,0.3105626243307533,0.9623346513703391,Matang
410.9327017716535,0.018753729324083174,0.18456097430419102,0.9364684325681059,Setengah Matang
451.81489911417316,0.018739649661580725,0.2170882201080718,0.9310384081904168,Mentah
403.7814960629921,0.01749909497199765,0.2265228042641415,0.942926057590913,Mentah
1607.488250492126,0.010093551475882092,0.05984187853650104,0.6778741151065156,Mentah
443.28057332677173,0.012399963571748636,0.09081189988393908,0.9071196457166367,Matang
418.4169537401576,0.03569196500883788,0.31972084803340917,0.9107390970476169,Matang
414.76427165354335,0.01454603568438286,0.1081395033212832,0.8481452408517959,Matang
416.4719488188976,0.016022579306272218,0.16736385063792306,0.9187640746365188,Mentah
493.0907972440946,0.020052907279768523,0.16929882817908903,0.9188324342772908,Setengah Matang
470.35617618110246,0.014075483355383651,0.15800359932323196,0.9376712819277305,Setengah Matang
276.6808562992126,0.016536812998259355,0.1990156167941111,0.9441650698917716,Matang
375.8786294291338,0.01647789767809838,0.179799833966912,0.9423130049826133,Setengah Matang
484.4485728346457,0.012508513036129253,0.12631695996839065,0.9164654881208317,Setengah Matang
654.4734867125984,0.012115869755665754,0.11059272489791522,0.8750205910447892,Mentah
525.62469242126,0.012448848167193176,0.11611391494354438,0.8834094606319072,Setengah Matang
1149.4888041338584,0.010389061021673366,0.06493762719330966,0.7749568492777222,Matang
484.1314591535434,0.029475641539580735,0.27600661665411547,0.9367595501769381,Matang
857.8386441929135,0.01084737380816952,0.06570511417181898,0.7742725419270656,Matang
345.6244463582677,0.020604699573578966,0.21012522504484213,0.9457822961853148,Matang
1061.9689960629921,0.0094245659459673,0.06353622418969247,0.8482176718673781,Matang
319.9064960629921,0.017161239971974336,0.19736236911111238,0.9527007611464586,Matang
433.6300442913386,0.017439253463956614,0.22342376191720006,0.9370346406853387,Matang
342.05185777559063,0.013435382997610086,0.13584851923425392,0.9395381016543041,Matang
869.5255905511813,0.011002551991034884,0.07632445980286211,0.8348100222714375,Setengah Matang
312.220595472441,0.017198465416082196,0.20260806051045185,0.9511626394092777,Matang
1234.583538385827,0.009481610445373233,0.06019966053759443,0.7685260842654712,Matang
608.4065575787403,0.016234156255923882,0.16753799542783301,0.9176773286838285,Matang
694.7289616141733,0.01875771411866553,0.17647496209669766,0.9074445710369249,Matang
334.4682578740159,0.014782798711538668,0.19593006341916155,0.9575032959953335,Matang
654.5173474409451,0.012083421745543032,0.10865893617170529,0.8707046283816922,Mentah
1142.6827017716535,0.00955367492214725,0.06157102838333518,0.7947876922382635,Mentah
475.3705093503937,0.01569833197076415,0.16022744080183232,0.9304677856069813,Setengah Matang
604.2423720472441,0.032504743138433795,0.24927385400112897,0.9055366451263975,Matang
924.2986589566931,0.011768977098266397,0.06855482029834382,0.6897550602349193,Matang
473.7890009842521,0.012658799055884493,0.11617018391840199,0.9051299567618226,Setengah Matang
438.045029527559,0.013804153047658845,0.14470363571672384,0.9178987570450899,Setengah Matang
1123.3585752952758,0.01025543350631851,0.0550270220550709,0.7012338919342541,Mentah
466.54681348425197,0.012653417040311704,0.10916043821765019,0.8953579066779123,Mentah
389.32068159448824,0.03501926801613313,0.29246737525665895,0.9090001924751114,Mentah
309.11817175196853,0.017512713451468157,0.24262689054022527,0.9523098124733623,Mentah
602.1231545275592,0.01179354919393088,0.11373557505001246,0.886541441918233,Setengah Matang
464.5967642716536,0.013314926993569773,0.1401420727076517,0.9159965589266857,Setengah Matang
341.4977239173228,0.013720701137291532,0.12302414014752135,0.9151642252971701,Matang
496.9524483267716,0.011939840635323929,0.11146242079425377,0.9063584914141481,Mentah
883.3503321850394,0.010638401212356442,0.06163216001177451,0.7628378581231515,Matang
668.6121432086615,0.013311658218915022,0.10766394962583256,0.8375954823951919,Mentah
388.3120693897639,0.03780989777069816,0.332895795040033,0.9157091772881272,Mentah
1625.962475393701,0.00998546693975988,0.05843973327856893,0.6852685839414028,Mentah
367.6301058070867,0.0162504068707201,0.22189937185904385,0.9437831867590591,Setengah Matang
347.84141240157476,0.016082456738687873,0.20027545100912938,0.9335894508323417,Setengah Matang
711.373154527559,0.010216615735104587,0.07718318126673254,0.892641889948674,Matang
802.6705216535432,0.010487668319471614,0.0815557214630239,0.862501325927505,Matang
697.193590059055,0.012488833173349374,0.10738693597185099,0.8923892981469385,Matang
542.4406373031496,0.011655326945436204,0.08586641334193516,0.8647825880356526,Matang
571.0585014763781,0.011156165414338602,0.08068484121178453,0.8652766977441434,Matang
387.5745570866142,0.03498637526867517,0.2852247942375463,0.9082447899561521,Matang
812.724532480315,0.010410620303414874,0.07932010709991355,0.8568206584139885,Matang
486.6040846456694,0.015763642990890645,0.20711918474801339,0.9204466882515494,Matang
515.6413631889764,0.01955436527402104,0.1670489091519524,0.916441002488412,Setengah Matang
820.9582923228348,0.01058044042074373,0.0743177072390422,0.8220243032154743,Matang
732.6602485236223,0.010957317242863722,0.08796385708491214,0.9064961831495718,Matang
402.16596948818903,0.014280997166225086,0.08954642000718341,0.8233882373494942,Setengah Matang
869.8121309055119,0.01177010243159804,0.11749386830959661,0.8765178995350198,Matang
928.981975885827,0.010415889617900832,0.07876608068935771,0.8401066249687591,Matang
285.82929379921256,0.017249272427381314,0.12132936834486714,0.8433604843600203,Matang
400.7607037401574,0.014171871944746178,0.11849252324951953,0.9391994298062999,Matang
1325.330093503937,0.010404893714176704,0.06358778605374732,0.757341078790394,Matang
437.81459153543307,0.01538453392249175,0.15885510812742665,0.9272969063739942,Setengah Matang
866.7997662401576,0.010163697344513091,0.06877929942616155,0.8368356784145032,Mentah
577.001660925197,0.02260676539152872,0.2315008613078079,0.9127051522960477,Mentah
228.94008366141736,0.015278027700278581,0.19651771920835134,0.9613030322542901,Matang
735.2966289370079,0.013683140749304426,0.07437545793176296,0.6765307285726098,Matang
429.9319020669292,0.015197502590065417,0.15906369251713448,0.9125671541252744,Mentah
271.92956446850405,0.016900605139266705,0.20303165054964117,0.9529426173824528,Setengah Matang
927.5698818897639,0.011242665637076134,0.09293317533647556,0.8730099185144647,Matang
627.5887672244096,0.013095126482534697,0.1040022857621421,0.9145911022076391,Setengah Matang
642.4104330708661,0.01496142161203664,0.0883096107313377,0.7373164602235867,Matang
674.3951771653545,0.012669108195051357,0.08253403624738863,0.7951077587986987,Mentah
280.60433070866145,0.02545358567662701,0.29207507910767955,0.9393866884118812,Mentah
236.36035925196856,0.02743492017836831,0.33040089905029046,0.9629239716599375,Mentah
303.8819512795276,0.016892206487881256,0.1278467941661265,0.8615751078587033,Matang
440.20669291338584,0.012152669177124936,0.09769027118223164,0.9219952521544535,Matang
595.3566067913387,0.014627883520516435,0.1576575282764967,0.9000660033512953,Matang
861.8602977362206,0.012377359850421403,0.0846593747620239,0.8706151423820981,Mentah
316.67169045275597,0.018276027474081774,0.11451801135844737,0.7836289738041751,Matang
489.2867864173229,0.013264027815867918,0.08968939191423539,0.8357430379909203,Matang
838.6332431102362,0.012735319928967375,0.08483793192744478,0.8676326658711637,Mentah
855.4124630905513,0.011836387653360047,0.08865004088733158,0.859711330902325,Setengah Matang
523.9664739173229,0.015328534532188794,0.0997457483484449,0.8330342739906872,Matang
339.9208907480315,0.01353549163863421,0.12472155653336268,0.9511455220563679,Matang
839.4652436023623,0.011259062522454536,0.07438205723127785,0.8606868799087574,Matang
644.0890132874016,0.012017318263487032,0.10017607244784316,0.848554364129038,Mentah
774.6544660433069,0.010775971888129872,0.08337765361713587,0.8850941919691167,Matang
643.2394808070866,0.015939939928405703,0.1058176260731629,0.7822584934744699,Matang
1551.8984375,0.012092735018282121,0.09144976273533224,0.7372502510881747,Matang
613.6492372047244,0.013188853001575074,0.08903389423453659,0.8132195983951795,Setengah Matang
702.2909694881891,0.012280213611084102,0.09701430074037286,0.9076679333207126,Matang
214.86718750000006,0.024471324875219032,0.27228089505745845,0.9583413621189925,Setengah Matang
667.3848425196852,0.01242884548402149,0.07555305480499878,0.840953562774948,Setengah Matang
701.6299827755905,0.014681980477783225,0.11106974686887926,0.8816039867233701,Setengah Matang
302.2989665354331,0.03191698213824859,0.34912796922106565,0.9647810732395081,Matang
1320.3174212598426,0.010655106473288718,0.08639628625293551,0.8468619040606323,Matang
727.2735605314962,0.013530318509594269,0.10928966447037834,0.8868594380259851,Matang
398.90674212598424,0.0161572256911191,0.16184502963622197,0.9245867127646026,Matang
829.5492741141733,0.01109962992579061,0.08896257349658235,0.8628010478588284,Matang
602.8549458661419,0.012271119724204414,0.10073939599649812,0.9390319000196274,Matang
409.5505044291339,0.012091326748421113,0.09898583344094544,0.9096564380646349,Matang
457.20823080708664,0.013845622055426724,0.15833729861568177,0.9187040206193707,Mentah
745.9836368110239,0.011740244653087316,0.08453490016792378,0.8493284925759096,Matang
840.4650590551183,0.016094334955648538,0.10517917233018248,0.8824694992759535,Matang
328.3700172244094,0.014864806694261741,0.19163156059577283,0.9468322117271813,Mentah
825.9397760826771,0.011463406415524936,0.0828895770189395,0.8532198202588207,Setengah Matang
737.6959891732283,0.015068847211673163,0.10359611079660908,0.8805034700276637,Mentah
677.0412770669292,0.012292071784388403,0.0964917451145256,0.8988337580622079,Setengah Matang
804.8385211614172,0.013204982565813619,0.06967857899309164,0.6370155430334856,Setengah Matang
118.33747539370079,0.022472410857862873,0.26715556180803934,0.9878360721317883,Matang
323.66406250000006,0.030313753509127628,0.2973378989664697,0.9408408718497878,Matang
720.5919045275591,0.010467713890218555,0.07245910734861895,0.8622939067498055,Mentah
371.8378444881891,0.013348846451969062,0.12285004508482705,0.9439837968053134,Matang
431.0454601377954,0.013706766095109011,0.09983439292016108,0.8688055861344801,Setengah Matang
457.36749507874015,0.01793872414001143,0.19095856529466051,0.925300350467277,Mentah
575.3706938976379,0.012298073509925716,0.11044208402905795,0.885726674081363,Matang
250.99692421259843,0.024129272814021083,0.32244198373329563,0.9472627634533463,Setengah Matang
818.8855807086616,0.012615078709962407,0.13053361023580184,0.8720002431755898,Matang
556.1393946850395,0.011474789565310279,0.08389353688015756,0.9058035490431516,Matang
702.5645915354329,0.012781663906182732,0.10624962392668617,0.9052349918723487,Mentah
214.68983759842519,0.049799781170857725,0.44478251361704896,0.9501143313405307,Mentah
760.7579970472442,0.011044946562461341,0.08012311856504668,0.8451357604999058,Mentah
230.0200541338583,0.02131456312017712,0.24729807754756888,0.9737342550501863,Setengah Matang
325.7464936023623,0.017452539194024678,0.21567299948179705,0.9312721379330553,Setengah Matang
342.38754921259846,0.015262973224732159,0.1797488860168021,0.9517590117712801,Matang
417.72969980314963,0.014780302638795312,0.18010189959858933,0.9333606287212497,Mentah
719.3170521653543,0.011039891803979709,0.08566256244222717,0.8649620283235352,Mentah
283.37469242125985,0.015624576165278993,0.12612300118357958,0.9053924677043884,Mentah
587.3487327755905,0.012487621091853515,0.11197003103762389,0.9173330817271855,Mentah
1197.0452140748032,0.010394159232723793,0.06781832626947253,0.8151742140784745,Mentah
639.0054133858268,0.016862217230787627,0.1028599808981952,0.7394046907696356,Matang
479.58200049212587,0.012822012920421979,0.10447153176795744,0.9229857620313695,Matang
900.6601254921262,0.01165654441116364,0.08364124307785463,0.8781036045741564,Mentah
626.2904158464567,0.0457402370395719,0.377692953311742,0.9274808552665406,Matang
724.1398868110238,0.012325966170750182,0.07971145543975283,0.8403428880721464,Matang
724.046628937008,0.037038176725602695,0.239922908754285,0.898301737441224,Mentah
1129.6218011811022,0.03740777139438328,0.2656640771430798,0.8413391185751178,Matang
637.5489665354332,0.022402799003358242,0.2227892814652712,0.8969532957466944,Matang
1516.6237696850394,0.027005063066082854,0.1933845692879819,0.8050374059810541,Mentah
1458.0273745078744,0.009786128906674192,0.061843242240748615,0.7805516305304717,Mentah
751.403973917323,0.011994624432682045,0.07893650420827508,0.8422458834671918,Matang
1135.5228223425197,0.022708894787760038,0.2032552719645214,0.8989444094267447,Matang
1316.1632627952758,0.014185283403496009,0.15441865216878817,0.8129854669606601,Matang
985.631028543307,0.012909955821399277,0.14323633604580568,0.8264858143323098,Setengah Matang
1176.1921136811027,0.010406712020416087,0.08128519523745693,0.84380221826418,Matang
1763.393823818898,0.010255156757536011,0.06365928206765469,0.7327322746910176,Mentah
992.08187746063,0.013127812308493638,0.13464175411579601,0.8242969556199157,Matang
535.7097071850394,0.012409344225096245,0.10113902684079928,0.9018293773040517,Mentah
763.8843503937009,0.015080269139807645,0.12186254912902494,0.8813825243585949,Matang
652.2106914370081,0.024944541011936664,0.2388349401707737,0.9176051249474757,Matang
1360.0623154527561,0.010143198859961103,0.08391468584241349,0.7947524708675392,Matang
739.9909571850395,0.012395461389421731,0.08155277619272125,0.8421737089442493,Matang
1069.1339197834648,0.012575570349302321,0.13585569002999875,0.8265611027102214,Mentah
728.9550319881891,0.01651992786059183,0.12435207534915393,0.8992153755998116,Matang
1118.6465305118109,0.010982757794880121,0.09145856340091003,0.8470077576956374,Setengah Matang
786.4531250000002,0.013790713941348842,0.14597428532602708,0.887166977351016,Mentah
639.3060408464567,0.07376162732900692,0.3575156191948766,0.9022063186209106,Matang
1175.3260334645668,0.0119224756612213,0.12529353514281977,0.8071704151562801,Mentah
1069.4934793307084,0.01034260669538549,0.06621319939955803,0.8135400274460987,Setengah Matang
675.5092273622048,0.07420880050564013,0.2886860402707792,0.9031811151134905,Matang
645.6696604330709,0.01259564046044944,0.09429542404968182,0.9087997445975439,Matang
1185.5537647637793,0.020101017834057985,0.17895438977376518,0.8271401955733235,Mentah
932.5083661417325,0.019042875212423746,0.19222190280446375,0.8414157500604882,Matang
1059.653604822835,0.010419340482494849,0.0695024258885884,0.8205834517828203,Setengah Matang
660.2603961614175,0.025795204324383536,0.23937036311134974,0.911494894106324,Setengah Matang
549.7587352362204,0.013614589974260896,0.13497247559347256,0.9082041742774793,Mentah
986.4685654527559,0.034627356088924,0.24910645110451984,0.8692282908417021,Matang
1135.0687130905515,0.011539655863178771,0.10300805272612036,0.8141459643029484,Matang
1665.892347440945,0.010692774838599777,0.06237299270472358,0.7551992053368808,Matang
1019.5982406496063,0.01326566817214875,0.09829395848521177,0.8333989408989306,Matang
564.8726008858268,0.022705728426232703,0.233261827915217,0.9177563930647508,Matang
931.4037278543309,0.18940857152858503,0.2790109232942738,0.9170315732669573,Matang
1590.5525344488194,0.01003913637648707,0.09214163598779732,0.7912946560988495,Mentah
1066.1640625,0.012903798799025597,0.1288390679112884,0.7935677894737193,Matang
754.394438976378,0.011763268393262789,0.09998144306970687,0.9005411921108711,Mentah
429.09165846456693,0.011997857772112423,0.09678781643494476,0.9197102410411501,Matang
463.19365157480314,0.08205431804521433,0.4567676541428143,0.9407537086831758,Mentah
1083.4597687007874,0.11101915620315611,0.2125516753416258,0.8827294539115487,Matang
664.7339443897638,0.013637571013860662,0.1501858679678733,0.8903658404224007,Matang
1189.136380413386,0.010644357689787524,0.09699075497930713,0.8655756810217935,Mentah
510.7317298228347,0.015288983974830521,0.10467060613535356,0.913508929601395,Setengah Matang
721.4085260826771,0.012279135027479095,0.1277476458274219,0.9076534818290789,Matang
453.93553149606294,0.012467680614675583,0.11827514245758979,0.9366282849678051,Setengah Matang
690.5681594488191,0.016469570677884387,0.15771344077360547,0.8895832741494407,Matang
414.4846210629922,0.01261245367014559,0.1339476305432938,0.93327749317421,Mentah
774.634596456693,0.059278746583360555,0.37286930677680163,0.9085492506034439,Matang
1328.0847687007872,0.010094301270781699,0.08835204611923891,0.8411299053598679,Matang
899.3797367125986,0.014903578602832625,0.11268722589105026,0.861740143883251,Matang
389.2776820866143,0.016913530905800295,0.10782881532633812,0.9141495577695903,Matang
1162.0376476377953,0.014638550875629935,0.16030438042483375,0.829269677516281,Matang
867.3270792322837,0.01771466636643992,0.10468398445730062,0.881388477967119,Mentah
1246.8753690944884,0.018329886573399803,0.13674318510484093,0.8251597859062119,Matang
620.3254183070867,0.012643394411703963,0.09383734052960706,0.8813572670443043,Matang
1122.593688484252,0.014855002377619003,0.13971636609998703,0.857411455407465,Mentah
953.5717888779526,0.010594379930079247,0.08130246517757211,0.8561956755112374,Mentah
1179.6565575787404,0.010230126233261519,0.06301314648921524,0.8207922293124488,Matang
481.74034202755917,0.013165088701042183,0.1040976709888338,0.9000698104553535,Mentah
987.029096948819,0.030237070857627557,0.256409612041574,0.8250205557139059,Mentah
846.4150467519687,0.014612288723039369,0.10783033689191573,0.8790347740564586,Setengah Matang
769.1879921259844,0.03742316990467075,0.31180720600035494,0.9082280731350295,Matang
1176.6058070866143,0.012433792106654242,0.09557268051599414,0.8303887215092005,Matang
1046.7488312007877,0.014610540551174321,0.16516475452034954,0.8194452788647761,Matang
1380.1332431102364,0.013666537172765102,0.09382580076274677,0.7644886739560823,Matang
818.5778174212601,0.06300326872066085,0.35497644698300534,0.9105817995471194,Matang
779.072096456693,0.011624360564468354,0.0927435563698323,0.8917891300441915,Mentah
678.9615526574803,0.08657495242797257,0.3911305448742578,0.8873566039641946,Matang
1159.6136811023623,0.010768682666076036,0.07833050333418393,0.8566296151635252,Matang
1194.7880782480313,0.009404267135563686,0.05877697707481404,0.7859298758012518,Setengah Matang
660.4512795275591,0.053011907477394704,0.39297227493263115,0.9126563800945564,Matang
861.4285187007874,0.024672033260980955,0.1872751783275573,0.8571363778981279,Matang
1057.6960506889766,0.013614937408427006,0.14321326606627707,0.8827629871204977,Setengah Matang
784.0268208661416,0.016964075938133052,0.18521140449369466,0.8926291202672029,Mentah
838.4019438976378,0.016461814167158417,0.18169941150370533,0.8588391522996199,Setengah Matang
653.6062376968505,0.013862830075275364,0.1372270283478226,0.8926119987926339,Matang
1684.2637795275593,0.017988702583130928,0.1924407039743778,0.8028587783194582,Matang
397.3232652559056,0.01749509388115783,0.23395264406388003,0.9462144461164741,Matang
566.3521161417323,0.016389300772042856,0.15164238614544942,0.9104418980542749,Matang
1158.8375984251968,0.014380942591305547,0.17733694368024103,0.8046574073866753,Mentah
1441.9485728346453,0.009707606050568952,0.07710716706578528,0.7824561489824112,Mentah
410.2368356299214,0.01976101847851478,0.24831208378831807,0.9536599370540769,Matang
1008.4587229330709,0.015962358732735667,0.12511693297112952,0.8315288753565955,Mentah
607.7247785433071,0.017230010865075255,0.16351729329048098,0.9129643259150114,Matang
1089.4565083661416,0.017714292529448703,0.13084891936886894,0.8907034489922355,Matang
887.7781126968505,0.01590750143172486,0.14578875299356375,0.8535951219066132,Matang
749.9980930118112,0.022775577458478163,0.22845804787120044,0.8480123336231805,Mentah
1360.1141117125987,0.010058059952342761,0.057476322646566394,0.7439603337847587,Matang
1096.3604822834648,0.016071335011631327,0.1479897276425965,0.8630944295243049,Matang
428.0088582677167,0.023406924004953145,0.3075452761249815,0.9494381081901022,Mentah
1645.9040354330712,0.009591230374497398,0.08640788155988818,0.79879242743922,Matang
718.6814714566926,0.01129622442950371,0.073474483991937,0.8286715122618551,Matang
1174.905819389764,0.01093683569278324,0.0807825479784272,0.8342677349731589,Matang
918.6912524606298,0.009979401585909323,0.08028996237502914,0.8662195004514689,Mentah
1006.9326402559059,0.01499609602712835,0.12898383626927215,0.8584541669134621,Setengah Matang
969.3193282480314,0.017530854967519997,0.20601906246239876,0.8861182607338266,Mentah
835.1739665354334,0.014858122634668057,0.13371631010267382,0.8664391559783451,Matang
1159.5277436023625,0.009678716625626228,0.058765677484374376,0.7883023589073023,Mentah
1702.4765009842522,0.01122843563476102,0.10706464485681799,0.8002352200498598,Setengah Matang
578.0784940944883,0.016851553998043122,0.1940518307475203,0.9281218778099516,Mentah
380.70250984251965,0.027586195190035474,0.28293360250717237,0.9562950565096375,Mentah
1556.0321727362207,0.009386142099074278,0.04372860331921463,0.6537968353728113,Matang
1241.9487573818897,0.018688794055504967,0.10549158669460444,0.8449929928063871,Mentah
1119.0971333661416,0.009451529847374004,0.0655501567586097,0.8074253347304836,Mentah
670.8638656496063,0.025803858243155963,0.25902904996685444,0.9067635275637541,Setengah Matang
793.4486343503937,0.030279061012381297,0.27642095011262435,0.8721204626002413,Matang
1223.0449680118109,0.013181677971121962,0.10294091739410717,0.8514442488321936,Matang
1065.907972440945,0.01121705550330387,0.10967432185841129,0.8464188180798035,Setengah Matang
1560.63188976378,0.010212633208569933,0.08403171322727712,0.7884357501418922,Matang
496.24120324803147,0.042993963178721985,0.4557853324001805,0.8907904660494984,Mentah
999.6724901574803,0.01774481437981424,0.1993732578901621,0.8887062120697214,Mentah
307.55290354330714,0.020268995572737303,0.2390301132773464,0.9521803059038098,Matang
824.73812746063,0.011025142672073369,0.06961696690447679,0.8428299169249942,Matang
1390.0535187007877,0.010293921096404328,0.08661630476634614,0.8302013784578518,Matang
1145.1924212598426,0.08029939030276559,0.15973894668454797,0.8346382191366926,Mentah
896.936946358268,0.017196264970134007,0.20498919270949978,0.8709398636873554,Matang
622.6996801181103,0.02892241251128316,0.3498782258415954,0.916198065224529,Mentah
1445.5372170275593,0.011425380675436912,0.0858667145632949,0.6508115902233726,Setengah Matang
1148.2076771653542,0.018415312246129585,0.20676477847429445,0.8343942657844545,Matang
770.1906988188977,0.17717739007605604,0.42002164263103214,0.8995684459478279,Matang
974.2506151574803,0.013869516317143038,0.15488866854518246,0.8808509384346912,Matang
893.9091412401574,0.06890262203832252,0.24463991311590505,0.8674036731044802,Matang
910.0567175196852,0.056609196565264655,0.17986681471304816,0.8523949015828285,Mentah
814.7329601377955,0.013006253526889689,0.14077786612974807,0.8956751412716467,Mentah
1220.6595718503936,0.015244429004201423,0.15106337287164692,0.8530115460631397,Mentah
972.5445374015746,0.0244493177793209,0.20662105511140091,0.823161883884918,Mentah
1034.9256889763783,0.017666268981904317,0.17013296310286816,0.862541551048557,Setengah Matang
499.3075172244096,0.05422218015276894,0.20387433867347646,0.9094259508027235,Mentah
970.675565944882,0.013871016867241986,0.11277559078126595,0.8359373962099791,Matang
927.5527805118113,0.019902745073903858,0.257726902170444,0.8936580522916548,Matang
1351.888410433071,0.010067649355980314,0.07882134723674006,0.7745793050348627,Mentah
1365.0296505905515,0.01417053677690881,0.13460746811708502,0.8241893228270777,Matang
1016.1440698818897,0.014280732183162637,0.12268050139547279,0.8334139816104784,Mentah
754.1704601377954,0.012128200638572494,0.10415449149112954,0.8525666703669857,Mentah
1168.4381766732286,0.01170909887113272,0.12430827162018174,0.85080263716931,Matang
1777.4297490157485,0.020171069122988296,0.09678886743823412,0.7462151403304235,Setengah Matang
1504.2285925196852,0.04651113324286859,0.15767550723878324,0.797601174605617,Matang
995.3827509842522,0.02347895820728679,0.24546751195277774,0.7963111528592335,Matang
919.1974040354331,0.01776394379034374,0.20290450973384427,0.8254880437617828,Matang
817.7226254921261,0.027582662660067085,0.24480343566071033,0.8969097287316474,Matang
1513.9644438976377,0.16736138497368766,0.25738594045742613,0.8537576125848855,Matang
1152.396468996063,0.01700718533158172,0.17504653638372913,0.8193779748050368,Matang
985.7798966535432,0.02048211149466471,0.2619073669157811,0.8794891024037298,Matang
1546.1288139763778,0.009215153504714503,0.059325211545009596,0.751081150705654,Mentah
1060.7111220472443,0.013657950749827228,0.15458051922647897,0.8675768983644642,Matang
450.93953001968504,0.0151879753308323,0.15901285990246247,0.8920258291291447,Mentah
912.2834030511813,0.013196382584939296,0.15021090555634595,0.8813874256725065,Setengah Matang
1079.439345472441,0.026642604696027774,0.28124419065731826,0.877548277994211,Setengah Matang
1418.829170767717,0.009952346925669715,0.07596640706245288,0.7770905595222977,Mentah
584.7084768700789,0.014978042504855722,0.18764521641153473,0.9184164758337854,Mentah
1261.0532111220475,0.028612527801939767,0.15986321942488035,0.8366626526867059,Mentah
1105.2723302165355,0.012786178081112378,0.11950839323578877,0.8351389850375267,Matang
1061.6511441929135,0.017761440554920616,0.16016261555900557,0.8672713197687723,Setengah Matang
368.763471948819,0.04257667529137134,0.1938167566662358,0.9299967217339645,Mentah
1123.6983267716535,0.04221544820581469,0.21385689680218284,0.7975360333221859,Matang
374.6703371062992,0.01456261096117257,0.12644074472584593,0.885031220062923,Mentah
308.816437007874,0.027132176022721076,0.26436166816904905,0.9160097068538998,Mentah
600.0214074803151,0.01643057877355779,0.15853820283503556,0.9073562150859362,Mentah
510.04638287401593,0.04326459893486582,0.3384149792904122,0.881220970463154,Matang
1171.4201525590554,0.016304748725634147,0.12029954576917265,0.7562959662727028,Setengah Matang
351.6147268700787,0.11420455366166171,0.2809881144663749,0.95452923082649,Mentah
212.9015132874016,0.03522097570300629,0.30127871554766483,0.9539691777849985,Matang
729.3313238188978,0.02959789799204825,0.2604913861628496,0.8541179163697873,Setengah Matang
117.32744832677167,0.06124888288537824,0.4589190085525925,0.9542008695145242,Setengah Matang
997.9523252952757,0.01947286809592458,0.1675376501626858,0.7950782015690965,Setengah Matang
905.9117864173229,0.01949830887390793,0.20365454181154682,0.7897645924206089,Mentah
299.9346702755905,0.03757605265457181,0.3060269977615359,0.9256850665814226,Matang
200.8243110236221,0.024486320129332488,0.2388069821786569,0.9021731891444141,Mentah
1130.070127952756,0.029234902167942448,0.25490058637541846,0.8594933761136759,Mentah
436.7384350393701,0.03546085419828046,0.2067894951516097,0.939668753843663,Mentah
1412.1808562992123,0.015625060546878785,0.10213789515801606,0.7743790713093689,Mentah
820.163508858268,0.02363449929912882,0.19209896767217546,0.7386403820209364,Mentah
326.44143700787396,0.02320913438981974,0.1937698892666255,0.9312132990412701,Matang
866.6806717519687,0.032985521923384255,0.24380429833529238,0.8304941394758845,Setengah Matang
407.5398622047244,0.020231995536138248,0.17489269901229743,0.9026208035021328,Mentah
342.07037401574803,0.05082913407020369,0.345950895296628,0.9495389787508469,Matang
353.5465674212599,0.02939056093947013,0.2401004912785009,0.9063720002695181,Matang
221.4557086614174,0.024035266307694682,0.2378211459969657,0.9603028517823384,Setengah Matang
463.32105068897647,0.012841108502816416,0.09411951217093951,0.8752125481110952,Setengah Matang
226.7640871062992,0.02494598215853711,0.25830067224492903,0.9496610472578223,Mentah
1115.9486343503938,0.02655503813736331,0.2587056593435764,0.8216545975733895,Matang
1645.2039862204722,0.010068964835858847,0.07454098948306215,0.6974680971364751,Setengah Matang
577.2688238188977,0.027324143042779466,0.21922938038111395,0.9123632180237876,Mentah
241.69482037401576,0.02986686178668002,0.24105129618004456,0.9241468010438224,Setengah Matang
327.29219980314963,0.01952696280214687,0.18559865150260324,0.934378044279616,Matang
301.6038385826772,0.070074470320417,0.20119322684842886,0.9521672302490672,Mentah
930.3555610236219,0.04496929512398058,0.2740389119507394,0.8284817306483061,Setengah Matang
516.8940698818898,0.013549533007404791,0.10902051125963848,0.9089402146773189,Setengah Matang
369.0551796259843,0.030201068629720065,0.21824551621101657,0.9287714915677622,Mentah
720.753937007874,0.048905696740472536,0.2804789611812961,0.8671698106164021,Matang
538.5605314960629,0.0568722489174882,0.27580817346133246,0.9096540046378481,Matang
267.6119586614173,0.01658753638371316,0.15242805712227026,0.9051399257163396,Mentah
967.6628321850395,0.01850151957555489,0.16821885170137424,0.8557171130159896,Setengah Matang
959.2750369094488,0.027043815907693926,0.3023394616991358,0.886018833357331,Mentah
482.76617864173227,0.033766458625407586,0.23897255190144495,0.9202817663945448,Mentah
928.8715551181106,0.03038059085255659,0.28603972412825357,0.8362251134005279,Matang
335.769500492126,0.01733685788060642,0.21493473655683282,0.9302633918269495,Matang
504.76322588582684,0.01867810995506727,0.1757713910202581,0.9227311231344055,Setengah Matang
520.7522145669293,0.015703272854465936,0.19845980744959704,0.9291167634393694,Matang
601.7412647637796,0.023083943258081833,0.13066022623517126,0.9226804666402653,Setengah Matang
225.013594980315,0.03697081103312939,0.21870673391899398,0.9180189288783206,Matang
570.3972071850394,0.011489455523823855,0.10281711709182813,0.9264951024473396,Matang
371.72139517716545,0.04706193946238177,0.3198355984356732,0.9617082790118289,Matang
266.9346087598425,0.03531044125638944,0.33536176705239706,0.935341031039796,Matang
327.88607283464563,0.07988141429626372,0.4920726899254213,0.9303783417780789,Setengah Matang
343.0686515748032,0.014647725046353552,0.16985116567777817,0.9407009541104433,Matang
161.0104576771654,0.021287826583284552,0.2508125335421935,0.9638250858872409,Setengah Matang
345.3871801181102,0.03127672007537665,0.2317847603957432,0.9317785931915245,Setengah Matang
482.7339443897638,0.14104659586560958,0.25101887572566217,0.921311237591577,Setengah Matang
439.07707923228344,0.012229339991718461,0.11319796793413886,0.915213788862919,Matang
220.91812253937013,0.018811099335317907,0.21423222048911694,0.9488273446310141,Mentah
473.11392716535426,0.013829624007643216,0.1046211177319465,0.8697303351364182,Mentah
389.90465059055106,0.015199307737204843,0.19267748257241438,0.9303493091010034,Matang
470.27725147637796,0.021591939929606598,0.23339075685088811,0.921570266419538,Setengah Matang
352.3651574803149,0.019467960612885363,0.22115956551790633,0.9393466085566582,Setengah Matang
212.81280757874012,0.04587839786661175,0.4352160777121784,0.9509553356077136,Matang
577.314222440945,0.011726699142761865,0.10194649392533484,0.8776054141872038,Setengah Matang
395.0482283464567,0.0222533165363167,0.19268026455611295,0.9384356772865298,Matang
482.46819635826785,0.013348492091997033,0.13010401554207215,0.8772975655975725,Mentah
112.26679379921259,0.028470695084293816,0.2735038338132575,0.9561602950975392,Setengah Matang
413.0735113188976,0.014860287325963286,0.1322448116459721,0.882669823917804,Mentah
349.6568036417324,0.026131633446905677,0.18870933470476814,0.9224783493065479,Mentah
384.4611220472441,0.03132151499257454,0.1713935664718726,0.9360258302977669,Mentah
350.14044045275585,0.014955476583917042,0.1521785498616206,0.9405956604324816,Mentah
674.7247170275591,0.012338700482008446,0.09411385805846827,0.8038552763545832,Setengah Matang
497.2707308070867,0.028182740238003073,0.2033202953665029,0.9237314488298843,Mentah
157.04287647637798,0.03834380744528886,0.32455504746339703,0.9648018277619943,Setengah Matang
466.96579724409463,0.014365672420487129,0.1056770834154775,0.8538533167157141,Mentah
374.3972687007874,0.01584397772003443,0.16575473880387726,0.9316727268265277,Mentah
255.53407972440945,0.09204684238630494,0.4128559711884282,0.9507245769627246,Mentah
243.9035433070866,0.015024206129207447,0.16307317226363383,0.9574241915392089,Matang
419.0313730314961,0.013972608521857251,0.16519474543843,0.9372891578245117,Mentah
481.5983636811025,0.011956784786610117,0.11939896753748992,0.9251546991125134,Mentah
308.6471456692914,0.08011279025100748,0.2483306879386064,0.961789868933511,Matang
550.013718011811,0.03428030948439122,0.17428543586019535,0.8960243181535992,Mentah
761.2448941929133,0.011943009593149041,0.08742376178018939,0.7855056133785494,Mentah
181.42433562992127,0.019369354478709685,0.1732749957423341,0.9245110496411005,Setengah Matang
245.77177657480317,0.0177208602312393,0.20403968768140845,0.9424367507035613,Matang
156.52977362204726,0.1256993218099089,0.36541134202903136,0.9707069671003608,Mentah
487.1955585629921,0.029423117970197848,0.22678803374430662,0.9055093413763348,Matang
312.86829478346465,0.02303467021459584,0.18020242130386632,0.9249427566112368,Mentah
811.8302780511812,0.01948583539086628,0.1305320795264529,0.8938262434140013,Matang
181.28678641732282,0.04159026451667038,0.4170365658622607,0.9603512141652643,Matang
320.16117125984255,0.030513547305817932,0.27229717150824767,0.9493611881385524,Setengah Matang
1098.5084891732286,0.01339815251655687,0.11109761639453851,0.817845547491256,Matang
249.41031003937007,0.02188850127345708,0.20221265690251086,0.946797026733525,Setengah Matang
465.511749507874,0.018069930314209517,0.2241260165984853,0.929562919140873,Matang
419.45275590551176,0.013278997460726642,0.13453041090285417,0.8966288961750467,Setengah Matang
257.3941929133859,0.0395263454177823,0.3904314314442427,0.9446698435198427,Mentah
672.0297121062993,0.030841115214925968,0.17169847337692729,0.8935130513685093,Matang
295.3568528543307,0.027380658757785996,0.26961592335198703,0.9364830632076742,Setengah Matang
870.2660556102363,0.03673674943088774,0.1978937084086488,0.8809978099654895,Mentah
261.1684301181102,0.01718344177130264,0.15687636777034844,0.9099178098137837,Matang
524.5628690944883,0.013292598069787588,0.1353141258160606,0.9001666961383583,Matang
326.3658341535433,0.029698857718546804,0.23098099527457988,0.9342750707979134,Mentah
285.38293553149606,0.02691375491422963,0.14859367948537622,0.902061635291322,Setengah Matang
469.12432332677156,0.03376071457933962,0.28885956481457115,0.8922992744599391,Setengah Matang
355.88312007874026,0.017330417598091754,0.1953658603978102,0.9505091829603716,Mentah
199.63681102362204,0.0393393569386905,0.36389782968320195,0.965440028342886,Matang
858.2077386811026,0.020651112397856875,0.15905480873003727,0.9175724370909218,Matang
647.0888287401575,0.030427948781542362,0.16598388033661748,0.888521916182735,Mentah
252.3900098425197,0.015320509088567275,0.13493761067556148,0.9428285172104283,Setengah Matang
331.9790846456694,0.022057706498091,0.2185151640999441,0.8784658989097108,Matang
122.75147637795278,0.029211431613135833,0.41625479797071824,0.9754432039040948,Setengah Matang
418.5597933070867,0.01338522460487708,0.12227899116828864,0.9233948366421754,Matang
105.45730807086616,0.023381042565543818,0.25914008050686377,0.9742938246680549,Setengah Matang
156.04299950787404,0.07666644275652819,0.5647323077464117,0.9653794593643434,Matang
192.3589443897638,0.02358858236144988,0.23373984199229306,0.9439705648720017,Matang
353.1687376968504,0.014563455469895415,0.18251236489659067,0.9510826307100899,Mentah
724.9936023622049,0.012098757433378767,0.1081576865639191,0.8748534146177522,Mentah
529.3414739173229,0.013055476639536063,0.12908619744327887,0.8894663775992502,Setengah Matang
466.7992741141732,0.028332626960714962,0.140391209480145,0.8732653474756524,Mentah
287.02602116141736,0.044110866461389994,0.38644006777572754,0.9366519046619952,Matang
164.5816929133858,0.046876170560642215,0.377542827841988,0.9622416885127397,Mentah
194.2194881889764,0.021243873755405217,0.2294755681051898,0.9615044353125932,Mentah
267.0832308070866,0.027235745746438843,0.26686382692080013,0.951999383004585,Matang
253.30419537401576,0.021209288236060986,0.2198888816592104,0.9554560936744619,Mentah
338.3577755905512,0.016137657288529464,0.1471822530486953,0.8987754508905871,Setengah Matang
307.8305241141732,0.022648365826863047,0.2997669310086949,0.9336984398746079,Setengah Matang
604.4653666338585,0.015352462448485066,0.14215972821324718,0.914118015837139,Matang
620.2999507874018,0.041480457075426816,0.33392265325747683,0.9313410267391904,Mentah
896.8688484251967,0.013970577156876508,0.12410316803088321,0.8898991671256135,Mentah
816.2215797244094,0.025500633451426023,0.24561020775035824,0.8734864088223157,Setengah Matang
544.2178887795277,0.013787557967429483,0.13803561438512815,0.901041122600442,Mentah
691.3666953740156,0.019863824628936683,0.15504970256135286,0.917519921283845,Mentah
801.7627337598425,0.011776771842123323,0.11096171029255363,0.9063445359904216,Matang
845.1823941929133,0.01101063154939133,0.105543565948574,0.8991427749411819,Setengah Matang
427.2875861220473,0.02545507233426197,0.23563418902804517,0.9390491160318907,Matang
952.4509104330712,0.014227170910953161,0.10950817516604157,0.8583988615145624,Mentah
722.6889763779528,0.012085848583493349,0.09974244176626493,0.8590027703254326,Setengah Matang
286.4242741141733,0.02070953033827165,0.14421584312027896,0.9115413869051208,Mentah
797.4053887795278,0.014974884059513372,0.11564724944473267,0.868334547766837,Mentah
695.3879183070868,0.019576365951589476,0.21541648370756333,0.8957222559557135,Matang
1461.125922736221,0.011121257854712414,0.08327069136206378,0.7328997885806241,Matang
801.2403420275592,0.01190007796148143,0.10586220676156498,0.8665563817334794,Setengah Matang
804.1337967519686,0.024888347227705644,0.2190908672887856,0.7934071431586333,Matang
648.0135334645671,0.014012836422855316,0.15346816129873272,0.9186635065715874,Mentah
613.9701648622049,0.013151068483163672,0.12237027523234242,0.8981727200267998,Matang
234.71708907480323,0.04171808727044713,0.4013962741574827,0.96863332979147,Matang
942.5707431102363,0.011619313608291796,0.08222161234238917,0.8089684282702341,Mentah
649.5019069881889,0.013133792284719437,0.1257235111550772,0.8849644839426907,Mentah
849.8451648622049,0.030981195913576464,0.173573750233066,0.8681839639584504,Mentah
558.6910063976377,0.014504286335970881,0.13880897687007807,0.9369221788063767,Setengah Matang
702.4550935039371,0.012333102073277266,0.09135100451646838,0.8471670932913768,Mentah
508.7090920275591,0.037151946985739585,0.2558038213317375,0.9222553375794235,Matang
246.1765501968504,0.02312840785748732,0.28417478161689214,0.9671427711984975,Mentah
438.43756151574803,0.014019990960705424,0.1422436644357036,0.9591956027515655,Setengah Matang
203.61589566929138,0.22325249391290694,0.343067626416959,0.9590567460029549,Setengah Matang
340.04410679133855,0.02592222820694419,0.210228885162115,0.9382354676269405,Mentah
777.5389394685042,0.011591271221044936,0.11899573083173198,0.8848171525247284,Mentah
481.4298720472441,0.05669810086978143,0.19111087030194215,0.9239107654777158,Matang
966.3451648622049,0.011213090821164633,0.11050452843732997,0.9003085537618225,Setengah Matang
384.3497170275591,0.036679535314583935,0.16900914368360892,0.9174627236204089,Mentah
655.0463213582678,0.012120319685266086,0.10895153152215728,0.8937463035093486,Setengah Matang
800.3312007874017,0.011655813946987089,0.10717331965618242,0.863554123045307,Mentah
559.5692052165355,0.014662507918987483,0.1582806809816489,0.9236937107851384,Matang
793.6910063976379,0.020991387101583832,0.24361091475654958,0.8901512904374871,Matang
680.9540477362207,0.01192890126861134,0.10283200473960533,0.9002825594767468,Mentah
474.29595226377967,0.06455373612767563,0.37617575703330336,0.9174664502432351,Matang
253.42421259842519,0.020006667156456683,0.15256925690919246,0.890946814844878,Matang
449.173781988189,0.016189105381736967,0.1517351883319929,0.9202881755097742,Setengah Matang
1191.8546382874015,0.014689453141994374,0.13776918354369638,0.7949070861088007,Mentah
987.1900836614174,0.02338589751724582,0.21925564226415895,0.7859551159857664,Matang
395.263841043307,0.015791525065086225,0.13956821432070357,0.9196861069840282,Matang
759.2990895669292,0.019522505056028473,0.2378249388569818,0.8812930799141402,Matang
629.4942175196852,0.02822601013432108,0.2721219299501458,0.8734676347232677,Mentah
739.783280019685,0.011658329797584422,0.10821998353965424,0.8597686785101126,Mentah
447.052472933071,0.01576610339250004,0.1838029647659384,0.9350541558519848,Setengah Matang
796.0979945866143,0.018281203176929727,0.191470369433467,0.9304893248376704,Mentah
712.739911417323,0.011480394502579318,0.09788078413521151,0.8433274854756471,Matang
919.4679502952757,0.014153769711462488,0.11696163583275306,0.8755163299849795,Mentah
524.4598917322834,0.03858072336317296,0.3082559910157039,0.9292427591349325,Mentah
765.8620201771652,0.011483607864532073,0.09059097098078389,0.8666508022825348,Mentah
673.2977977362206,0.021037756270223192,0.19382469452938766,0.9083263957960627,Mentah
672.7386811023623,0.027431540605986803,0.26112415606549555,0.8899108206241128,Mentah
822.9517101377953,0.02190625797527306,0.23737988312461666,0.9119000726961428,Matang
754.9296875000002,0.01246138098841531,0.10428366171117533,0.8079585058130285,Matang
728.12063238189,0.011990522357780765,0.11511066749340428,0.9046653496571797,Mentah
1120.921198326772,0.017937933057267496,0.19993855363462437,0.842091301188875,Mentah
801.3021653543309,0.011228604142600586,0.09484661220569955,0.8706017097258858,Setengah Matang
435.30038139763786,0.027419053268203656,0.2969277241513158,0.921964409400792,Mentah
706.5418307086613,0.012021411194805362,0.08773297166356314,0.8481187745274985,Mentah
1093.8522391732283,0.01332337945064305,0.12575565146966078,0.8318687742392168,Setengah Matang
698.2899852362206,0.03345701795970197,0.2806636915839072,0.8909621900720074,Setengah Matang
614.6087598425196,0.012228798468273527,0.10654921540528858,0.9185974102020326,Mentah
711.6556348425199,0.01099592920612326,0.07790504241091697,0.8427735231353148,Setengah Matang
550.3135457677166,0.024125900739277166,0.2268182539621625,0.9377162121745836,Matang
1051.5728346456692,0.026003849809969913,0.21185062745033087,0.9086538880770235,Setengah Matang
1070.9729330708665,0.028171223956519446,0.22236212045155893,0.8289463938059249,Mentah
849.2200418307086,0.011802530113327254,0.12487537787475489,0.8836985822844964,Mentah
960.0746801181103,0.01042070235130891,0.06268352178442683,0.799546764600751,Matang
693.6154035433073,0.033189385112189954,0.27457515177354885,0.870646251629128,Mentah
935.3203125000002,0.013900245217178609,0.12379829482685169,0.8633017931325908,Mentah
632.6505290354332,0.013948755211417396,0.16279897307616764,0.9232921629581767,Mentah
1347.1154035433076,0.010449803804337328,0.08734294990785814,0.8527629559814891,Matang
1143.5812623031497,0.009841366197172642,0.06036656385470524,0.764526315940204,Mentah
750.609375,0.012075981624116862,0.11446361081022102,0.8847757961944659,Mentah
735.818590059055,0.011384818390935617,0.07850167347558518,0.8458193059826842,Mentah
901.463336614173,0.013097871474077117,0.13981864260396323,0.9080299810826453,Setengah Matang
1275.9972317913384,0.010055237799081787,0.086557899843313,0.8163063396293011,Mentah
1009.7893700787401,0.010744672391572467,0.07987967439453557,0.7929860387989484,Matang
625.0438607283465,0.02150395578244509,0.24878131075525986,0.9065018068098899,Matang
1394.731791338583,0.00960434008920952,0.0726730268166055,0.814547791895158,Mentah
790.9701648622047,0.012047981356261906,0.13334836482320492,0.8838461504337025,Mentah
833.0331569881893,0.013221736439378113,0.1300062186187398,0.8879403942728392,Mentah
774.7197957677166,0.013872312666251524,0.14098498825091207,0.8864288499007519,Mentah
913.5941806102363,0.01125670956643006,0.07835567049570845,0.7745936374997155,Mentah
1117.0696973425197,0.010968449354341865,0.10752094594496708,0.8411560688614036,Setengah Matang
1447.5420767716537,0.01570941666300364,0.15720324409463715,0.7788544935482413,Setengah Matang
